freehms,gincdif,lrscale,impcntr,euftf,item,group
1,0.14626296314424062,-0.16529392342525767,0.2281169403141731,0.13555654748763502,freehms,1
0.14626296314424062,1,-0.1675765482285321,0.06504158626884171,0.050484746212241215,gincdif,1
-0.16529392342525767,-0.1675765482285321,1,-0.25341547903792355,-0.14752095297000753,lrscale,1
0.2281169403141731,0.06504158626884171,-0.25341547903792355,1,0.30509061585157476,impcntr,1
0.13555654748763502,0.050484746212241215,-0.14752095297000753,0.30509061585157476,1,euftf,1
